nm_empresa,website_url,run_at,product_category,product_name,materials,is_wood_related,mentions_pinus,source_hint
+55 Fabrica De Moveis Ltda. - Campinas,https://www.55-design.com/,2026-02-04T12:23:22.303464+00:00,,Bar Sylvia,"tauari natural com palha de seda, pinus com palha de seda, sucupira com palha de seda, madeira ebanizada com palha de seda",yes,yes,Bar Sylvia | +55design
+55 Fabrica De Moveis Ltda. - Campinas,https://www.55-design.com/,2026-02-04T12:23:22.303464+00:00,,Biombo Sylvia,"tauari natural com palha de seda, pinus",yes,yes,Biombo Sylvia | +55design
Brascav Bioenergia Ltda - Lencois Paulista,https://ecobrasilbioenergia.com.br,2026-02-04T12:24:22.771132+00:00,Cavaco de Madeira,Comércio de Cavaco Eucalipto e Pinus,Eucalipto e Pinus,yes,yes,COMÉRCIO DE CAVACO Eucalipto e Pinus
Brascav Bioenergia Ltda - Lencois Paulista,https://ecobrasilbioenergia.com.br,2026-02-04T12:24:22.771132+00:00,Toras de Madeira,Comércio de Toras Eucalipto e Pinus,Eucalipto e Pinus,yes,yes,COMÉRCIO DE TORAS Eucalipto e Pinus
Britez Commodities - Sao Paulo,https://britez-commodities.ueniweb.com/,2026-02-04T12:26:49.015319+00:00,Wood,Pinus Elliotti e Eucalipto Grandis,,yes,yes,Nossos Produtos
Colina Industria E Comercio De Artefatos De Madeira Ltda - Sao Bernardo do Campo,https://colinacabosdemadeira.com.br/,2026-02-04T12:27:10.962265+00:00,Resíduos Renováveis,Maravalha de pinus,Pinus,yes,yes,Maravalha de pinus
Colina Industria E Comercio De Artefatos De Madeira Ltda - Sao Bernardo do Campo,https://colinacabosdemadeira.com.br/,2026-02-04T12:27:10.962265+00:00,Resíduos Renováveis,Serragem de Pinus,Pinus,yes,yes,Serragem de Pinus
Comercio De Madeiras Pau Brasil - Ubatuba,https://paubrasilmadeiras.com.br/,2026-02-04T12:40:53.581301+00:00,Madeiras,Pinus,Pinus,yes,yes,Madeiras
Compinus Comercio E Transporte De Madeiras - Buri,https://ecopinusmadeiras.com.br/,2026-02-04T12:23:58.692918+00:00,Tábuas,Tábuas de Pinus,Madeira ecologicamente correta (pinus),yes,yes,https://ecopinusmadeiras.com.br/produtos/
Compinus Comercio E Transporte De Madeiras - Buri,https://ecopinusmadeiras.com.br/,2026-02-04T12:23:58.692918+00:00,Pontaletes,Pontaletes,Madeira,yes,yes,https://ecopinusmadeiras.com.br/produtos/
Compinus Comercio E Transporte De Madeiras - Buri,https://ecopinusmadeiras.com.br/,2026-02-04T12:23:58.692918+00:00,Madeira de segunda,Madeira de pinus de segunda,Madeira de pinus,yes,yes,https://ecopinusmadeiras.com.br/produtos/
Express Pallets Ltda - Sao Paulo,https://www.palletexpress.com.br/,2026-02-04T13:03:11.270855+00:00,Pallet,PALLET PBR1,Pinus wood or Eucalyptus wood,yes,yes,PALLET PBR1
Express Pallets Ltda - Sao Paulo,https://www.palletexpress.com.br/,2026-02-04T13:03:11.270855+00:00,Pallet,PALLET EURO,Pinus wood,yes,yes,PALLET EURO
+55 Fabrica De Moveis Ltda. - Campinas,https://www.55-design.com/,2026-02-04T12:23:22.303464+00:00,,Aparador Diamante,"marchetaria em lâmina de madeira natural tauari, sucupira e madeira ebanizada",yes,no,Aparador Diamante | +55design
+55 Fabrica De Moveis Ltda. - Campinas,https://www.55-design.com/,2026-02-04T12:23:22.303464+00:00,Cadeiras,Cadeira Curva,madeira,yes,no,Cadeira Curva | +55design
+55 Fabrica De Moveis Ltda. - Campinas,https://www.55-design.com/,2026-02-04T12:23:22.303464+00:00,Cadeiras,Cadeiras,"Couro natural, madeira certificada",yes,no,Cadeiras | +55design
+55 Fabrica De Moveis Ltda. - Campinas,https://www.55-design.com/,2026-02-04T12:23:22.303464+00:00,Cadeiras,Cadeira Max,madeira,yes,no,Cadeira Max | +55design
+55 Fabrica De Moveis Ltda. - Campinas,https://www.55-design.com/,2026-02-04T12:23:22.303464+00:00,Cadeiras,Cadeira Pelicano,madeira maciça torneada,yes,no,Cadeira Pelicano | +55design
+55 Fabrica De Moveis Ltda. - Campinas,https://www.55-design.com/,2026-02-04T12:23:22.303464+00:00,Cadeiras,Cadeira Charlotte,madeira,yes,no,Cadeira Charlotte | +55design
+55 Fabrica De Moveis Ltda. - Campinas,https://www.55-design.com/,2026-02-04T12:23:22.303464+00:00,,Arthur Casas Design,"madeira Tauari, madeira",yes,no,Arthur Casas Design | +55design
Bartolomeu Materiais Para Construcao - Brodowski,https://www.bartolomeu.com.br/,2026-02-04T12:38:01.800171+00:00,Portas de Madeira,Portas de Madeira,Madeira,yes,no,Portas de Madeira
Belacci Do Brasil - Cacapava,https://belacci.com.br/,2026-02-04T12:42:56.763092+00:00,Móveis de escritório,Linha Madri,painéis de madeira,yes,no,https://belacci.com.br/?s=madeira
Belacci Do Brasil - Cacapava,https://belacci.com.br/,2026-02-04T12:42:56.763092+00:00,Estações de trabalho,Linha Barcelona,divisores em madeira ou vidro temperado,yes,no,https://belacci.com.br/?s=madeira
Biomax Biomassa Ltda - Itapeva,https://www.biomaxbiomassa.com.br/,2026-02-04T12:56:09.165991+00:00,,Serragem de Madeira Verde Peneirada,,yes,no,Serragem de Madeira Verde Peneirada
Biomax Biomassa Ltda - Itapeva,https://www.biomaxbiomassa.com.br/,2026-02-04T12:56:09.165991+00:00,,Serragem de madeira seca (menor que 10% de umidade),,yes,no,Serragem de madeira seca (menor que 10% de umidade)
Biomax Biomassa Ltda - Itapeva,https://www.biomaxbiomassa.com.br/,2026-02-04T12:56:09.165991+00:00,,Madeira Serrada,,yes,no,Madeira Serrada
Britez Commodities - Sao Paulo,https://britez-commodities.ueniweb.com/,2026-02-04T12:26:49.015319+00:00,Wood,Mogno,,yes,no,Nossos Produtos
Britez Commodities - Sao Paulo,https://britez-commodities.ueniweb.com/,2026-02-04T12:26:49.015319+00:00,Wood,Pau de Balsa,,yes,no,Nossos Produtos
Casa D - Mirassol,https://casad.com.br/,2026-02-04T13:10:39.266172+00:00,,Aparador 2 Gavetas Lizz,,yes,no,Aparador 2 Gavetas Lizz
Casa D - Mirassol,https://casad.com.br/,2026-02-04T13:10:39.266172+00:00,,Aparador 2 Gavetas Rennes,,yes,no,Aparador 2 Gavetas Rennes
Casa D - Mirassol,https://casad.com.br/,2026-02-04T13:10:39.266172+00:00,,Aparador Café Lizz,,yes,no,Aparador Café Lizz
Casa D - Mirassol,https://casad.com.br/,2026-02-04T13:10:39.266172+00:00,,Aparador Café Rubi,,yes,no,Aparador Café Rubi
Casa D - Mirassol,https://casad.com.br/,2026-02-04T13:10:39.266172+00:00,,Bar Lizz,,yes,no,Bar Lizz
Casa D - Mirassol,https://casad.com.br/,2026-02-04T13:10:39.266172+00:00,,Baú Banco Luca,,yes,no,Baú Banco Luca
Casa D - Mirassol,https://casad.com.br/,2026-02-04T13:10:39.266172+00:00,,Buffet 3 Gavetas Rennes,,yes,no,Buffet 3 Gavetas Rennes
Casa D - Mirassol,https://casad.com.br/,2026-02-04T13:10:39.266172+00:00,,Buffet Grace,,yes,no,Buffet Grace
Casa D - Mirassol,https://casad.com.br/,2026-02-04T13:10:39.266172+00:00,,Buffet Lizz 170,,yes,no,Buffet Lizz 170
Casa D - Mirassol,https://casad.com.br/,2026-02-04T13:10:39.266172+00:00,,Buffet Lizz 190,,yes,no,Buffet Lizz 190
Casa D - Mirassol,https://casad.com.br/,2026-02-04T13:10:39.266172+00:00,,Buffet Madri,,yes,no,Buffet Madri
Casa D - Mirassol,https://casad.com.br/,2026-02-04T13:10:39.266172+00:00,,Buffet Memphis,,yes,no,Buffet Memphis
Casa D - Mirassol,https://casad.com.br/,2026-02-04T13:10:39.266172+00:00,,Cabeceira Florença Casal / Queem,,yes,no,Cabeceira Florença Casal / Queem
Casa D - Mirassol,https://casad.com.br/,2026-02-04T13:10:39.266172+00:00,,Cabeceira Florença King,,yes,no,Cabeceira Florença King
Casa D - Mirassol,https://casad.com.br/,2026-02-04T13:10:39.266172+00:00,,Cômoda 5 Gavetas Belize,,yes,no,Cômoda 5 Gavetas Belize
Casa D - Mirassol,https://casad.com.br/,2026-02-04T13:10:39.266172+00:00,,Comoda Vicenza 08 Gavetas,,yes,no,Comoda Vicenza 08 Gavetas
Casa D - Mirassol,https://casad.com.br/,2026-02-04T13:10:39.266172+00:00,,Cristaleira Lizz,,yes,no,Cristaleira Lizz
Casa D - Mirassol,https://casad.com.br/,2026-02-04T13:10:39.266172+00:00,,Cristaleira Lyra,,yes,no,Cristaleira Lyra
Casa D - Mirassol,https://casad.com.br/,2026-02-04T13:10:39.266172+00:00,,Home Cannes,,yes,no,Home Cannes
Casa D - Mirassol,https://casad.com.br/,2026-02-04T13:10:39.266172+00:00,,Mesa de Cabeceira Antares,,yes,no,Mesa de Cabeceira Antares
Casa D - Mirassol,https://casad.com.br/,2026-02-04T13:10:39.266172+00:00,,Mesa de Cabeceira Belize,,yes,no,Mesa de Cabeceira Belize
Casa D - Mirassol,https://casad.com.br/,2026-02-04T13:10:39.266172+00:00,,Mesa de Cabeceira Florença,,yes,no,Mesa de Cabeceira Florença
Casa D - Mirassol,https://casad.com.br/,2026-02-04T13:10:39.266172+00:00,,Mesa de Centro Lizz,,yes,no,Mesa de Centro Lizz
Casa D - Mirassol,https://casad.com.br/,2026-02-04T13:10:39.266172+00:00,,Mesa de Centro Lizz Oblonga,,yes,no,Mesa de Centro Lizz Oblonga
Casa D - Mirassol,https://casad.com.br/,2026-02-04T13:10:39.266172+00:00,,Mesa de Jantar Lisboa 120,,yes,no,Mesa de Jantar Lisboa 120
Casa D - Mirassol,https://casad.com.br/,2026-02-04T13:10:39.266172+00:00,,Mesa de Jantar Lisboa 160,,yes,no,Mesa de Jantar Lisboa 160
Casa D - Mirassol,https://casad.com.br/,2026-02-04T13:10:39.266172+00:00,,Mesa de Jantar Lisboa 90,,yes,no,Mesa de Jantar Lisboa 90
Casa D - Mirassol,https://casad.com.br/,2026-02-04T13:10:39.266172+00:00,,Mesa Lateral Lizz,,yes,no,Mesa Lateral Lizz
Casa D - Mirassol,https://casad.com.br/,2026-02-04T13:10:39.266172+00:00,,Mesa Redonda Veneza (Com Vidro),,yes,no,Mesa Redonda Veneza (Com Vidro)
Casa D - Mirassol,https://casad.com.br/,2026-02-04T13:10:39.266172+00:00,,Painel Roma 180,,yes,no,Painel Roma 180
Casa D - Mirassol,https://casad.com.br/,2026-02-04T13:10:39.266172+00:00,,Painel Roma 217,,yes,no,Painel Roma 217
Casa D - Mirassol,https://casad.com.br/,2026-02-04T13:10:39.266172+00:00,,Painel Safira,,yes,no,Painel Safira
Casa D - Mirassol,https://casad.com.br/,2026-02-04T13:10:39.266172+00:00,,Painel Siena 160,,yes,no,Painel Siena 160
Casa D - Mirassol,https://casad.com.br/,2026-02-04T13:10:39.266172+00:00,,Painel Siena 160 Baixo,,yes,no,Painel Siena 160 Baixo
Casa D - Mirassol,https://casad.com.br/,2026-02-04T13:10:39.266172+00:00,,Painel Siena 180 Baixo,,yes,no,Painel Siena 180 Baixo
Casa D - Mirassol,https://casad.com.br/,2026-02-04T13:10:39.266172+00:00,,Rack Adria 160,,yes,no,Rack Adria 160
Casa D - Mirassol,https://casad.com.br/,2026-02-04T13:10:39.266172+00:00,,Rack Eros 180,,yes,no,Rack Eros 180
Casa D - Mirassol,https://casad.com.br/,2026-02-04T13:10:39.266172+00:00,,Rack Esmeralda,,yes,no,Rack Esmeralda
Casa D - Mirassol,https://casad.com.br/,2026-02-04T13:10:39.266172+00:00,,Rack Lizz 170,,yes,no,Rack Lizz 170
Casa D - Mirassol,https://casad.com.br/,2026-02-04T13:10:39.266172+00:00,,Rack Lizz 190,,yes,no,Rack Lizz 190
Casa D - Mirassol,https://casad.com.br/,2026-02-04T13:10:39.266172+00:00,,Rack New Jersey 160,,yes,no,Rack New Jersey 160
Casa D - Mirassol,https://casad.com.br/,2026-02-04T13:10:39.266172+00:00,,Rack Roma 217,,yes,no,Rack Roma 217
Casa D - Mirassol,https://casad.com.br/,2026-02-04T13:10:39.266172+00:00,,Roupeiro Lizz 6P 270,,yes,no,Roupeiro Lizz 6P 270
Casa D - Mirassol,https://casad.com.br/,2026-02-04T13:10:39.266172+00:00,,Sapateira Agata,,yes,no,Sapateira Agata
Casa D - Mirassol,https://casad.com.br/,2026-02-04T13:10:39.266172+00:00,,Sapateira Dalia,,yes,no,Sapateira Dalia
Casa Das Serras - Sao Paulo,https://www.casadasserras.com.br/,2026-02-04T13:16:04.938683+00:00,,Disco De Serra Para Madeira 185mm 24d Rz-ls02024 R...,,yes,no,Disco De Serra Para Madeira 185mm 24d Rz-ls02024 R...
Casa Das Serras - Sao Paulo,https://www.casadasserras.com.br/,2026-02-04T13:16:04.938683+00:00,,Disco De Serra 235mm 24d Para Madeira Rz-ls02027 R...,,yes,no,Disco De Serra 235mm 24d Para Madeira Rz-ls02027 R...
Casa Das Serras - Sao Paulo,https://www.casadasserras.com.br/,2026-02-04T13:16:04.938683+00:00,,Serra Fita Vol.400mm P/madeira-mdf 02cv Bsw-4025 M...,,yes,no,Serra Fita Vol.400mm P/madeira-mdf 02cv Bsw-4025 M...
Cimentizio - Ribeirao Preto,https://www.cimentizio.com.br/,2026-02-04T13:02:22.698997+00:00,Revestimentos,Madeiratto Deck,Imitation wood,yes,no,Madeiratto Deck
Colina Industria E Comercio De Artefatos De Madeira Ltda - Sao Bernardo do Campo,https://colinacabosdemadeira.com.br/,2026-02-04T12:27:10.962265+00:00,Ferramentas,Cabos de madeira para espátulas,Madeira,yes,no,Cabos de madeira para espátulas
Colina Industria E Comercio De Artefatos De Madeira Ltda - Sao Bernardo do Campo,https://colinacabosdemadeira.com.br/,2026-02-04T12:27:10.962265+00:00,Ferramentas,Cabos para Colher de Pedreiro,Madeira,yes,no,Cabos para Colher de Pedreiro
Colina Industria E Comercio De Artefatos De Madeira Ltda - Sao Bernardo do Campo,https://colinacabosdemadeira.com.br/,2026-02-04T12:27:10.962265+00:00,Ferramentas,Cabos para Desempenadeira,Madeira,yes,no,Cabos para Desempenadeira
Colina Industria E Comercio De Artefatos De Madeira Ltda - Sao Bernardo do Campo,https://colinacabosdemadeira.com.br/,2026-02-04T12:27:10.962265+00:00,Ferramentas,Cabos para Riscador de Fórmica,Madeira,yes,no,Cabos para Riscador de Fórmica
Colina Industria E Comercio De Artefatos De Madeira Ltda - Sao Bernardo do Campo,https://colinacabosdemadeira.com.br/,2026-02-04T12:27:10.962265+00:00,Ferramentas,Cabos de Madeira para Lima,Madeira,yes,no,Cabos de Madeira para Lima
Colina Industria E Comercio De Artefatos De Madeira Ltda - Sao Bernardo do Campo,https://colinacabosdemadeira.com.br/,2026-02-04T12:27:10.962265+00:00,"Grelhas, espetos e churrasqueiras",Cabos para Espetos e Grelhas,Madeira,yes,no,Cabos para Espetos e Grelhas
Colina Industria E Comercio De Artefatos De Madeira Ltda - Sao Bernardo do Campo,https://colinacabosdemadeira.com.br/,2026-02-04T12:27:10.962265+00:00,Utilidades domésticas,Cabos para Utilidade Doméstica,Madeira,yes,no,Cabos para Utilidade Doméstica
Colina Industria E Comercio De Artefatos De Madeira Ltda - Sao Bernardo do Campo,https://colinacabosdemadeira.com.br/,2026-02-04T12:27:10.962265+00:00,Utilidades domésticas,Cabos para Panelas e Canecão,Madeira,yes,no,Cabos para Panelas e Canecão
Colina Industria E Comercio De Artefatos De Madeira Ltda - Sao Bernardo do Campo,https://colinacabosdemadeira.com.br/,2026-02-04T12:27:10.962265+00:00,Utilidades domésticas,Cabo para Socado de Caipirinha,Madeira,yes,no,Cabo para Socado de Caipirinha
Colina Industria E Comercio De Artefatos De Madeira Ltda - Sao Bernardo do Campo,https://colinacabosdemadeira.com.br/,2026-02-04T12:27:10.962265+00:00,Comunicação Visual,Madeira para Faixa,Madeira,yes,no,Madeira para Faixa
Colina Industria E Comercio De Artefatos De Madeira Ltda - Sao Bernardo do Campo,https://colinacabosdemadeira.com.br/,2026-02-04T12:27:10.962265+00:00,Comunicação Visual,Bastão de Madeira para Banner,Madeira,yes,no,Bastão de Madeira para Banner
Colina Industria E Comercio De Artefatos De Madeira Ltda - Sao Bernardo do Campo,https://colinacabosdemadeira.com.br/,2026-02-04T12:27:10.962265+00:00,Resíduos Renováveis,Cabos de Madeira Serrados,Madeira,yes,no,Cabos de Madeira Serrados
Colina Industria E Comercio De Artefatos De Madeira Ltda - Sao Bernardo do Campo,https://colinacabosdemadeira.com.br/,2026-02-04T12:27:10.962265+00:00,Produtos Diversos,Cabos para Escova de Cabelo,Madeira,yes,no,Cabos para Escova de Cabelo
Colina Industria E Comercio De Artefatos De Madeira Ltda - Sao Bernardo do Campo,https://colinacabosdemadeira.com.br/,2026-02-04T12:27:10.962265+00:00,Produtos Diversos,Cabos de Madeira para Escova Pet,Madeira,yes,no,Cabos de Madeira para Escova Pet
Colina Industria E Comercio De Artefatos De Madeira Ltda - Sao Bernardo do Campo,https://colinacabosdemadeira.com.br/,2026-02-04T12:27:10.962265+00:00,Produtos Diversos,Cabos para Boia de Pesca,Madeira,yes,no,Cabos para Boia de Pesca
Colina Industria E Comercio De Artefatos De Madeira Ltda - Sao Bernardo do Campo,https://colinacabosdemadeira.com.br/,2026-02-04T12:27:10.962265+00:00,Produtos Diversos,Cabos de Madeira para Lavatina,Madeira,yes,no,Cabos de Madeira para Lavatina
Colina Industria E Comercio De Artefatos De Madeira Ltda - Sao Bernardo do Campo,https://colinacabosdemadeira.com.br/,2026-02-04T12:27:10.962265+00:00,Produtos Diversos,Cabos de Madeira para Boliador,Madeira,yes,no,Cabos de Madeira para Boliador
Colina Industria E Comercio De Artefatos De Madeira Ltda - Sao Bernardo do Campo,https://colinacabosdemadeira.com.br/,2026-02-04T12:27:10.962265+00:00,Produtos Diversos,Cabos de Madeira para Pula Corda,Madeira,yes,no,Cabos de Madeira para Pula Corda
Comercio De Madeiras Pau Brasil - Ubatuba,https://paubrasilmadeiras.com.br/,2026-02-04T12:40:53.581301+00:00,Madeiras,Garapeira,Garapeira,yes,no,Madeiras
Comercio De Madeiras Pau Brasil - Ubatuba,https://paubrasilmadeiras.com.br/,2026-02-04T12:40:53.581301+00:00,Madeiras,Ipê,Ipê,yes,no,Madeiras
Comercio De Madeiras Pau Brasil - Ubatuba,https://paubrasilmadeiras.com.br/,2026-02-04T12:40:53.581301+00:00,Madeiras,Angelim,Angelim,yes,no,Madeiras
Comercio De Madeiras Pau Brasil - Ubatuba,https://paubrasilmadeiras.com.br/,2026-02-04T12:40:53.581301+00:00,Madeiras,Cambara,Cambara,yes,no,Madeiras
Comercio De Madeiras Pau Brasil - Ubatuba,https://paubrasilmadeiras.com.br/,2026-02-04T12:40:53.581301+00:00,Madeiras,Eucalipto,Eucalipto,yes,no,Madeiras
Comercio De Madeiras Pau Brasil - Ubatuba,https://paubrasilmadeiras.com.br/,2026-02-04T12:40:53.581301+00:00,Madeiras,Cedrinho,Cedrinho,yes,no,Madeiras
Comercio De Material De Construcao Sgotti Ltda - Ouroeste,http://sgottimateriais.com.br/,2026-02-04T13:18:08.716301+00:00,Madeiras,Madeiras,wood,yes,no,Madeiras
Comercio De Material De Construcao Sgotti Ltda - Ouroeste,http://sgottimateriais.com.br/,2026-02-04T13:18:08.716301+00:00,Corte de Madeira,Corte de Madeira,wood,yes,no,Corte de Madeira
Compinus Comercio E Transporte De Madeiras - Buri,https://ecopinusmadeiras.com.br/,2026-02-04T12:23:58.692918+00:00,Pranchas,Pranchas,Madeira,yes,no,https://ecopinusmadeiras.com.br/produtos/
Compinus Comercio E Transporte De Madeiras - Buri,https://ecopinusmadeiras.com.br/,2026-02-04T12:23:58.692918+00:00,Sarrafos,Sarrafos,Madeira,yes,no,https://ecopinusmadeiras.com.br/produtos/
Cotia Integral Madeiras Ltda - Sao Paulo,https://madeirasccrm.com.br/,2026-02-04T12:20:30.732230+00:00,Embalagens industriais,Madeiras para embalagens industriais,,yes,no,https://madeirasccrm.com.br/produtos/
Cotia Integral Madeiras Ltda - Sao Paulo,https://madeirasccrm.com.br/,2026-02-04T12:20:30.732230+00:00,,Brise Soleil,,yes,no,https://madeirasccrm.com.br/produtos/
Cotia Integral Madeiras Ltda - Sao Paulo,https://madeirasccrm.com.br/,2026-02-04T12:20:30.732230+00:00,,Deck,,yes,no,https://madeirasccrm.com.br/produtos/
Cotia Integral Madeiras Ltda - Sao Paulo,https://madeirasccrm.com.br/,2026-02-04T12:20:30.732230+00:00,,Escada,,yes,no,https://madeirasccrm.com.br/produtos/
Cotia Integral Madeiras Ltda - Sao Paulo,https://madeirasccrm.com.br/,2026-02-04T12:20:30.732230+00:00,,Fachadas,,yes,no,https://madeirasccrm.com.br/produtos/
Cotia Integral Madeiras Ltda - Sao Paulo,https://madeirasccrm.com.br/,2026-02-04T12:20:30.732230+00:00,,Forro-Lambril,,yes,no,https://madeirasccrm.com.br/produtos/
Cotia Integral Madeiras Ltda - Sao Paulo,https://madeirasccrm.com.br/,2026-02-04T12:20:30.732230+00:00,,Guarda Corpo,,yes,no,https://madeirasccrm.com.br/produtos/
Cotia Integral Madeiras Ltda - Sao Paulo,https://madeirasccrm.com.br/,2026-02-04T12:20:30.732230+00:00,,Assoalhos,,yes,no,https://madeirasccrm.com.br/produtos/
Cotia Integral Madeiras Ltda - Sao Paulo,https://madeirasccrm.com.br/,2026-02-04T12:20:30.732230+00:00,,Pergolado/Gazebo,,yes,no,https://madeirasccrm.com.br/produtos/
Cotia Integral Madeiras Ltda - Sao Paulo,https://madeirasccrm.com.br/,2026-02-04T12:20:30.732230+00:00,,Telhados,,yes,no,https://madeirasccrm.com.br/produtos/
Eco-Folhas Comercio De Madeiras E Ferragens Ltda - Sao Paulo,https://www.ecofolhas.com.br/,2026-02-04T12:44:25.239766+00:00,,Lâminas Naturais Importadas,,yes,no,https://www.ecofolhas.com.br/laminas_pre_compostas_linhasleco.html
Eco-Folhas Comercio De Madeiras E Ferragens Ltda - Sao Paulo,https://www.ecofolhas.com.br/,2026-02-04T12:44:25.239766+00:00,,Lâminas Naturais Importadas - Linha Wood,Wood,yes,no,https://www.ecofolhas.com.br/laminas_pre_compostas_linhasleco.html
Eco-Folhas Comercio De Madeiras E Ferragens Ltda - Sao Paulo,https://www.ecofolhas.com.br/,2026-02-04T12:44:25.239766+00:00,,Lâminas Naturais Nacionais,,yes,no,https://www.ecofolhas.com.br/laminas_pre_compostas_linhasleco.html
Eco-Folhas Comercio De Madeiras E Ferragens Ltda - Sao Paulo,https://www.ecofolhas.com.br/,2026-02-04T12:44:25.239766+00:00,,Lâminas Pré-Compostas - Linha SL Eco,ECO,yes,no,https://www.ecofolhas.com.br/laminas_pre_compostas_linhasleco.html
Eco-Folhas Comercio De Madeiras E Ferragens Ltda - Sao Paulo,https://www.ecofolhas.com.br/,2026-02-04T12:44:25.239766+00:00,,CARVALHO EUROPEU CATEDRAL SL ECO,ECO,yes,no,https://www.ecofolhas.com.br/laminas_pre_compostas_linhasleco.html
Eco-Folhas Comercio De Madeiras E Ferragens Ltda - Sao Paulo,https://www.ecofolhas.com.br/,2026-02-04T12:44:25.239766+00:00,,CARVALHO EUROPEU QUARTIER SL ECO,ECO,yes,no,https://www.ecofolhas.com.br/laminas_pre_compostas_linhasleco.html
Eco-Folhas Comercio De Madeiras E Ferragens Ltda - Sao Paulo,https://www.ecofolhas.com.br/,2026-02-04T12:44:25.239766+00:00,,CUMARÚ SL ECO,ECO,yes,no,https://www.ecofolhas.com.br/laminas_pre_compostas_linhasleco.html
Eco-Folhas Comercio De Madeiras E Ferragens Ltda - Sao Paulo,https://www.ecofolhas.com.br/,2026-02-04T12:44:25.239766+00:00,,ÉBANO SAVANA SL ECO,ECO,yes,no,https://www.ecofolhas.com.br/laminas_pre_compostas_linhasleco.html
Eco-Folhas Comercio De Madeiras E Ferragens Ltda - Sao Paulo,https://www.ecofolhas.com.br/,2026-02-04T12:44:25.239766+00:00,,FREIJÓ SL ECO,ECO,yes,no,https://www.ecofolhas.com.br/laminas_pre_compostas_linhasleco.html
Eco-Folhas Comercio De Madeiras E Ferragens Ltda - Sao Paulo,https://www.ecofolhas.com.br/,2026-02-04T12:44:25.239766+00:00,,GRAFIATO SL ECO,ECO,yes,no,https://www.ecofolhas.com.br/laminas_pre_compostas_linhasleco.html
Eco-Folhas Comercio De Madeiras E Ferragens Ltda - Sao Paulo,https://www.ecofolhas.com.br/,2026-02-04T12:44:25.239766+00:00,,NOGUEIRA ITALIANA SL ECO,ECO,yes,no,https://www.ecofolhas.com.br/laminas_pre_compostas_linhasleco.html
Eco-Folhas Comercio De Madeiras E Ferragens Ltda - Sao Paulo,https://www.ecofolhas.com.br/,2026-02-04T12:44:25.239766+00:00,,PALESSANDRO CATEDRAL SL ECO,ECO,yes,no,https://www.ecofolhas.com.br/laminas_pre_compostas_linhasleco.html
Eco-Folhas Comercio De Madeiras E Ferragens Ltda - Sao Paulo,https://www.ecofolhas.com.br/,2026-02-04T12:44:25.239766+00:00,,PALMA DA PÉRSIA SL ECO,ECO,yes,no,https://www.ecofolhas.com.br/laminas_pre_compostas_linhasleco.html
Eco-Folhas Comercio De Madeiras E Ferragens Ltda - Sao Paulo,https://www.ecofolhas.com.br/,2026-02-04T12:44:25.239766+00:00,,PATINA BEGE CATEDRAL SL ECO,ECO,yes,no,https://www.ecofolhas.com.br/laminas_pre_compostas_linhasleco.html
Eiras Express - Braganca Paulista,https://www.eiraspremoldados.com.br,2026-02-04T13:01:52.174802+00:00,Móveis,BANCO DE MADEIRA GDE,wood,yes,no,https://www.eiraspremoldados.com.br/materiais-de-construcao.html
Eiras Express - Braganca Paulista,https://www.eiraspremoldados.com.br,2026-02-04T13:01:52.174802+00:00,Móveis,BANCO DE MADEIRA MD,wood,yes,no,https://www.eiraspremoldados.com.br/materiais-de-construcao.html
Eiras Express - Braganca Paulista,https://www.eiraspremoldados.com.br,2026-02-04T13:01:52.174802+00:00,Móveis,BANCO DE MADEIRA PQ,wood,yes,no,https://www.eiraspremoldados.com.br/materiais-de-construcao.html
Eiras Express - Braganca Paulista,https://www.eiraspremoldados.com.br,2026-02-04T13:01:52.174802+00:00,Ferramentas,CABO DE MARRETA MADERITE 30CM,maderite,yes,no,https://www.eiraspremoldados.com.br/materiais-de-construcao.html
Eiras Express - Braganca Paulista,https://www.eiraspremoldados.com.br,2026-02-04T13:01:52.174802+00:00,Ferramentas,CABO DE MARTELO MADERITE 35CM,maderite,yes,no,https://www.eiraspremoldados.com.br/materiais-de-construcao.html
Eiras Express - Braganca Paulista,https://www.eiraspremoldados.com.br,2026-02-04T13:01:52.174802+00:00,Ferramentas,DESEMP MADEIRA 17X30,wood,yes,no,https://www.eiraspremoldados.com.br/materiais-de-construcao.html
Eiras Express - Braganca Paulista,https://www.eiraspremoldados.com.br,2026-02-04T13:01:52.174802+00:00,Ferramentas,NIVEL DE MADEIRA 12 30CM,wood,yes,no,https://www.eiraspremoldados.com.br/materiais-de-construcao.html
Eiras Express - Braganca Paulista,https://www.eiraspremoldados.com.br,2026-02-04T13:01:52.174802+00:00,Ferramentas,NIVEL DE MADEIRA 14 35CM,wood,yes,no,https://www.eiraspremoldados.com.br/materiais-de-construcao.html
Eiras Express - Braganca Paulista,https://www.eiraspremoldados.com.br,2026-02-04T13:01:52.174802+00:00,Construção,"PONTALETE DE EUCALIPTO 6,00MT",eucalipto,yes,no,https://www.eiraspremoldados.com.br/materiais-de-construcao.html
Eiras Express - Braganca Paulista,https://www.eiraspremoldados.com.br,2026-02-04T13:01:52.174802+00:00,Construção,SARRAFO DE 15CM MT,wood,yes,no,https://www.eiraspremoldados.com.br/materiais-de-construcao.html
Eiras Express - Braganca Paulista,https://www.eiraspremoldados.com.br,2026-02-04T13:01:52.174802+00:00,Construção,"VIGA 5X11 PEROBA DO PARA 3,00MT",Peroba do Para,yes,no,https://www.eiraspremoldados.com.br/materiais-de-construcao.html
Elite Import & Export - Sao Paulo,https://eliteimportexport.com.br/,2026-02-04T13:14:14.708577+00:00,,Teak Wood Round Logs,Wood,yes,no,We also Represent & Export Below Products from Brazil
Elite Import & Export - Sao Paulo,https://eliteimportexport.com.br/,2026-02-04T13:14:14.708577+00:00,,Teak Wood Sawn Timber,Wood,yes,no,We also Represent & Export Below Products from Brazil
Embramaco - Santa Gertrudes,https://www.embramaco.com.br,2026-02-04T13:10:55.611039+00:00,,San Remo RT11032,,yes,no,https://www.embramaco.com.br/produtos?attributes=100
Embramaco - Santa Gertrudes,https://www.embramaco.com.br,2026-02-04T13:10:55.611039+00:00,,Lâmina Parquet 61558,,yes,no,https://www.embramaco.com.br/produtos?attributes=100
Embramaco - Santa Gertrudes,https://www.embramaco.com.br,2026-02-04T13:10:55.611039+00:00,,Graúna Bege 61557,,yes,no,https://www.embramaco.com.br/produtos?attributes=100
Embramaco - Santa Gertrudes,https://www.embramaco.com.br,2026-02-04T13:10:55.611039+00:00,,Alameda Carvalho RT38029,,yes,no,https://www.embramaco.com.br/produtos?attributes=100
Embramaco - Santa Gertrudes,https://www.embramaco.com.br,2026-02-04T13:10:55.611039+00:00,,Alameda Caramelo RT38028,,yes,no,https://www.embramaco.com.br/produtos?attributes=100
Embramaco - Santa Gertrudes,https://www.embramaco.com.br,2026-02-04T13:10:55.611039+00:00,,Amazonia Fume Out RT11026,,yes,no,https://www.embramaco.com.br/produtos?attributes=100
Embramaco - Santa Gertrudes,https://www.embramaco.com.br,2026-02-04T13:10:55.611039+00:00,,Amazonia Canela Out RT11025,,yes,no,https://www.embramaco.com.br/produtos?attributes=100
Embramaco - Santa Gertrudes,https://www.embramaco.com.br,2026-02-04T13:10:55.611039+00:00,,Teca Gray RT11031,,yes,no,https://www.embramaco.com.br/produtos?attributes=100
Embramaco - Santa Gertrudes,https://www.embramaco.com.br,2026-02-04T13:10:55.611039+00:00,,Teca Carvalho RT11030,,yes,no,https://www.embramaco.com.br/produtos?attributes=100
Embramaco - Santa Gertrudes,https://www.embramaco.com.br,2026-02-04T13:10:55.611039+00:00,,Manhatan Colonial RT86115,,yes,no,https://www.embramaco.com.br/produtos?attributes=100
Embramaco - Santa Gertrudes,https://www.embramaco.com.br,2026-02-04T13:10:55.611039+00:00,,Oxford Brown RT86110,,yes,no,https://www.embramaco.com.br/produtos?attributes=100
Embramaco - Santa Gertrudes,https://www.embramaco.com.br,2026-02-04T13:10:55.611039+00:00,,Cedro Dark Supra RT11024,,yes,no,https://www.embramaco.com.br/produtos?attributes=100
Embramaco - Santa Gertrudes,https://www.embramaco.com.br,2026-02-04T13:10:55.611039+00:00,,Cedro Light Supra RT11023,,yes,no,https://www.embramaco.com.br/produtos?attributes=100
Embramaco - Santa Gertrudes,https://www.embramaco.com.br,2026-02-04T13:10:55.611039+00:00,,Petropolis Brown Supra RT11022,,yes,no,https://www.embramaco.com.br/produtos?attributes=100
Embramaco - Santa Gertrudes,https://www.embramaco.com.br,2026-02-04T13:10:55.611039+00:00,,Petropolis Beige Supra RT11021,,yes,no,https://www.embramaco.com.br/produtos?attributes=100
Ettore Comercio E Instalacoes Ltda - Sao Paulo,https://www.ettorehd.com.br,2026-02-04T12:53:32.293396+00:00,Painéis arquitetônicos,INFINITY WALL,"Galvalume steel, aesthetic of wood panels",yes,no,INFINITY WALL
Ettore Comercio E Instalacoes Ltda - Sao Paulo,https://www.ettorehd.com.br,2026-02-04T12:53:32.293396+00:00,INFINITY WALL,Ribbon,"Profiles with a linear aesthetic, combined with the look of natural wood",yes,no,INFINITY WALL - Ribbon
Express Pallets Ltda - Sao Paulo,https://www.palletexpress.com.br/,2026-02-04T13:03:11.270855+00:00,Pallet,PALLET DESCARTAVEL,Eucalyptus wood,yes,no,PALLET DESCARTAVEL
Fenix Industria De Moveis Itatiba Ltda - Itatiba,https://moveisfenix.com.br/,2026-02-04T12:32:12.249025+00:00,Móveis,Móveis em geral,"Madeira, Vidro, Metal, Tecido",yes,no,Produção
Flexforma Estofados Ltda - Piracicaba,www.flexform.com.br,2026-02-04T12:57:14.032567+00:00,,Banco Panier Madeira,Madeira,yes,no,search results
Grupo Facta - Santana de Parnaiba,https://grupofacta.com.br/,2026-02-04T13:15:47.947127+00:00,Material de Produção,Madeira - 100% de reflorestamento,Madeira,yes,no,Produção
Nordeste Pallet - Louveira,https://www.pallete.com.br/,2026-02-04T12:30:12.340015+00:00,Pallets,Pallet padrão PBRI novos e usados,Wood,yes,no,Pallet padrão PBRI novos e usados
Nordeste Pallet - Louveira,https://www.pallete.com.br/,2026-02-04T12:30:12.340015+00:00,Pallets,Pallet padrão PBRII novos e usados,Wood,yes,no,Pallet padrão PBRII novos e usados
Nordeste Pallet - Louveira,https://www.pallete.com.br/,2026-02-04T12:30:12.340015+00:00,Pallets,Pallets descartáveis (One Way) novos e usados,Wood,yes,no,Pallets descartáveis (One Way) novos e usados
Nordeste Pallet - Louveira,https://www.pallete.com.br/,2026-02-04T12:30:12.340015+00:00,Chapas,Chapatex,Eucalyptus,yes,no,Chapatex – Chapas de eucatex usadas em ótimo estado de conservação.
Nordeste Pallet - Louveira,https://www.pallete.com.br/,2026-02-04T12:30:12.340015+00:00,Caixas,Caixas em todas as medidas sobre encomenda,Wood (assumed),yes,no,Caixas em todas as medidas sobre encomenda
Alushop Aluminio Ltda - Sao Jose do Rio Preto,https://alushop.com.br/,2026-02-04T12:29:21.782642+00:00,Acessórios,Acessórios para esquadrias,,no,no,Acessórios para esquadrias
Alushop Aluminio Ltda - Sao Jose do Rio Preto,https://alushop.com.br/,2026-02-04T12:29:21.782642+00:00,Chapas,Chapas,"Chapa lisa, bobinas e chapa xadrez",no,no,Chapas
Alushop Aluminio Ltda - Sao Jose do Rio Preto,https://alushop.com.br/,2026-02-04T12:29:21.782642+00:00,Construção Civil e Esquadrias,Construção civil e Esquadrias,"Linhas 25, 30 e 42 (Convencional), Mega 20, Mega 25 (Suprema) e Mega 32 (Gold)",no,no,Construção civil e Esquadrias
Alushop Aluminio Ltda - Sao Jose do Rio Preto,https://alushop.com.br/,2026-02-04T12:29:21.782642+00:00,Envidraçamento,Envidraçamento de sacadas,Fechamento de sacadas,no,no,Envidraçamento de sacadas
Alushop Aluminio Ltda - Sao Jose do Rio Preto,https://alushop.com.br/,2026-02-04T12:29:21.782642+00:00,Fachadas,Fachadas Pele de Vidro,Fachada Pele de Vidro II e Fachada Atlanta,no,no,Fachadas Pele de Vidro
Alushop Aluminio Ltda - Sao Jose do Rio Preto,https://alushop.com.br/,2026-02-04T12:29:21.782642+00:00,Guarda-corpo,Guarda-corpo,"Gradil Asa, Gradil Panorama e Gradil Universal",no,no,Guarda-corpo
Alushop Aluminio Ltda - Sao Jose do Rio Preto,https://alushop.com.br/,2026-02-04T12:29:21.782642+00:00,Linha Moveleira,Linha moveleira,Perfis para indústrias moveleiras,no,no,Linha moveleira
Alushop Aluminio Ltda - Sao Jose do Rio Preto,https://alushop.com.br/,2026-02-04T12:29:21.782642+00:00,Tabelados,Tabelados,Perfis diversos para indústrias,no,no,Tabelados
Alushop Aluminio Ltda - Sao Jose do Rio Preto,https://alushop.com.br/,2026-02-04T12:29:21.782642+00:00,Vidraçaria,Vidraçaria,Perfis para temperado 8mm e temperado 10mm,no,no,Vidraçaria
Arlindo Carreira & Cia Ltda - Leme,bomjesusleme.com.br,2026-02-04T13:09:58.184481+00:00,"Jardim, Lazer e Móveis",Mesa Tambaú Branca 92314/010 - Tramontina,Not specified,no,no,Mesa Tambaú Branca 92314/010 - Tramontina
Arlindo Carreira & Cia Ltda - Leme,bomjesusleme.com.br,2026-02-04T13:09:58.184481+00:00,"Jardim, Lazer e Móveis",Cortador de Grama Elétrico 127V 2500W 79683/250 CE45M - Tramontina,Chassi metálico,no,no,Cortador de Grama Elétrico 127V 2500W 79683/250 CE45M - Tramontina
Arlindo Carreira & Cia Ltda - Leme,bomjesusleme.com.br,2026-02-04T13:09:58.184481+00:00,"Jardim, Lazer e Móveis",Aparador de Grama Elétrico AP1500T com Diâmetro de Corte de 280mm 1500W 127V 79634/152 - Tramontina,Chassi de plástico,no,no,Aparador de Grama Elétrico AP1500T com Diâmetro de Corte de 280mm 1500W 127V 79634/152 - Tramontina
Arlindo Carreira & Cia Ltda - Leme,bomjesusleme.com.br,2026-02-04T13:09:58.184481+00:00,"Jardim, Lazer e Móveis",Cadeira Iguape Com Braços Branca 92221010 - Tramontina,Not specified,no,no,Cadeira Iguape Com Braços Branca 92221010 - Tramontina
Arlindo Carreira & Cia Ltda - Leme,bomjesusleme.com.br,2026-02-04T13:09:58.184481+00:00,"Jardim, Lazer e Móveis",GAZEBO X-FLEX 3X3M OXFORD PRETO MOR 3576,Oxford,no,no,GAZEBO X-FLEX 3X3M OXFORD PRETO MOR 3576
Arlindo Carreira & Cia Ltda - Leme,bomjesusleme.com.br,2026-02-04T13:09:58.184481+00:00,"Jardim, Lazer e Móveis",Cortador de Grama Elétrico 127V 1300W 79661/150 CE35P - Tramontina,Chassi de plástico,no,no,Cortador de Grama Elétrico 127V 1300W 79661/150 CE35P - Tramontina
Biomax Biomassa Ltda - Itapeva,https://www.biomaxbiomassa.com.br/,2026-02-04T12:56:09.165991+00:00,,Cavaco,,no,no,Cavaco
Biomax Biomassa Ltda - Itapeva,https://www.biomaxbiomassa.com.br/,2026-02-04T12:56:09.165991+00:00,,Estoque de Matéria-Prima Própria,,no,no,Estoque de Matéria-Prima Própria
Caron Industria E Comercio De Moveis Ltda - Mirassol,https://moveiscaron.com.br/,2026-02-04T13:06:22.279938+00:00,ROUPEIROS,Roupeiro MACEIÓ,,no,no,https://moveiscaron.com.br/
Caron Industria E Comercio De Moveis Ltda - Mirassol,https://moveiscaron.com.br/,2026-02-04T13:06:22.279938+00:00,CAMARIM,Camarim LADY e Banqueta ANITA,,no,no,https://moveiscaron.com.br/
Caron Industria E Comercio De Moveis Ltda - Mirassol,https://moveiscaron.com.br/,2026-02-04T13:06:22.279938+00:00,CÔMODAS,Cômoda FLORENCE MAX,,no,no,https://moveiscaron.com.br/
Caron Industria E Comercio De Moveis Ltda - Mirassol,https://moveiscaron.com.br/,2026-02-04T13:06:22.279938+00:00,MULTIUSO,Multiuso NÁPOLE NEW,,no,no,https://moveiscaron.com.br/
Caron Industria E Comercio De Moveis Ltda - Mirassol,https://moveiscaron.com.br/,2026-02-04T13:06:22.279938+00:00,SAPATEIRA,Sapateira JUNE,,no,no,https://moveiscaron.com.br/
Caron Industria E Comercio De Moveis Ltda - Mirassol,https://moveiscaron.com.br/,2026-02-04T13:06:22.279938+00:00,SAPATEIRA,Sapateira ANNE,,no,no,https://moveiscaron.com.br/
Caron Industria E Comercio De Moveis Ltda - Mirassol,https://moveiscaron.com.br/,2026-02-04T13:06:22.279938+00:00,ROUPEIROS,Roupeiro UBATUBA,,no,no,https://moveiscaron.com.br/
Cimentizio - Ribeirao Preto,https://www.cimentizio.com.br/,2026-02-04T13:02:22.698997+00:00,Revestimentos,Piso Atérmico,,no,no,Piso Atérmico
Cimentizio - Ribeirao Preto,https://www.cimentizio.com.br/,2026-02-04T13:02:22.698997+00:00,Revestimentos,Borda Atérmica Marea,,no,no,Borda Atérmica Marea
Cimentizio - Ribeirao Preto,https://www.cimentizio.com.br/,2026-02-04T13:02:22.698997+00:00,Revestimentos,Borda Atérmica Laguna,,no,no,Borda Atérmica Laguna
Cimentizio - Ribeirao Preto,https://www.cimentizio.com.br/,2026-02-04T13:02:22.698997+00:00,Revestimentos,Veneza,,no,no,Veneza
Cimentizio - Ribeirao Preto,https://www.cimentizio.com.br/,2026-02-04T13:02:22.698997+00:00,Revestimentos,Mattoni Finiti,,no,no,Mattoni Finiti
Cimentizio - Ribeirao Preto,https://www.cimentizio.com.br/,2026-02-04T13:02:22.698997+00:00,Revestimentos,Quadratti di Pietra,,no,no,Quadratti di Pietra
Cimentizio - Ribeirao Preto,https://www.cimentizio.com.br/,2026-02-04T13:02:22.698997+00:00,Revestimentos,Concretto Ripado,,no,no,Concretto Ripado
Cimentizio - Ribeirao Preto,https://www.cimentizio.com.br/,2026-02-04T13:02:22.698997+00:00,Revestimentos,Mattoni di Pietra,,no,no,Mattoni di Pietra
Cimentizio - Ribeirao Preto,https://www.cimentizio.com.br/,2026-02-04T13:02:22.698997+00:00,Revestimentos,Revestimento Geométrico Trento,,no,no,Revestimento Geométrico Trento
Colina Industria E Comercio De Artefatos De Madeira Ltda - Sao Bernardo do Campo,https://colinacabosdemadeira.com.br/,2026-02-04T12:27:10.962265+00:00,"Grelhas, espetos e churrasqueiras",Espetos e Grelhas Aluminio,Alumínio,no,no,Espetos e Grelhas Aluminio
Colina Industria E Comercio De Artefatos De Madeira Ltda - Sao Bernardo do Campo,https://colinacabosdemadeira.com.br/,2026-02-04T12:27:10.962265+00:00,Comunicação Visual,Ponteiras Plásticas Banner,Plástico,no,no,Ponteiras Plásticas Banner
Colina Industria E Comercio De Artefatos De Madeira Ltda - Sao Bernardo do Campo,https://colinacabosdemadeira.com.br/,2026-02-04T12:27:10.962265+00:00,Comunicação Visual,Cordão para Faixas e Banner,Cordão,no,no,Cordão para Faixas e Banner
Comercio De Madeiras Pau Brasil - Ubatuba,https://paubrasilmadeiras.com.br/,2026-02-04T12:40:53.581301+00:00,Telhados,Telhas de Barro,Barro,no,no,Telhados
Comercio De Madeiras Pau Brasil - Ubatuba,https://paubrasilmadeiras.com.br/,2026-02-04T12:40:53.581301+00:00,Telhados,Telhas de Fibrocimento,Fibrocimento,no,no,Telhados
Comercio De Madeiras Pau Brasil - Ubatuba,https://paubrasilmadeiras.com.br/,2026-02-04T12:40:53.581301+00:00,Telhados,Telhas Translúcidas,Translúcidas,no,no,Telhados
Comercio De Madeiras Pau Brasil - Ubatuba,https://paubrasilmadeiras.com.br/,2026-02-04T12:40:53.581301+00:00,Telhados,Telhas de Polipropileno,Polipropileno,no,no,Telhados
Comercio De Madeiras Pau Brasil - Ubatuba,https://paubrasilmadeiras.com.br/,2026-02-04T12:40:53.581301+00:00,Telhados,Telhas de Vidro,Vidro,no,no,Telhados
Comercio De Madeiras Pau Brasil - Ubatuba,https://paubrasilmadeiras.com.br/,2026-02-04T12:40:53.581301+00:00,Telhados,Telhas Pet,Pet,no,no,Telhados
Comercio De Madeiras Pau Brasil - Ubatuba,https://paubrasilmadeiras.com.br/,2026-02-04T12:40:53.581301+00:00,Ferramentas,Serrotes,,no,no,Ferramentas
Comercio De Madeiras Pau Brasil - Ubatuba,https://paubrasilmadeiras.com.br/,2026-02-04T12:40:53.581301+00:00,Ferramentas,Chaves,,no,no,Ferramentas
Comercio De Madeiras Pau Brasil - Ubatuba,https://paubrasilmadeiras.com.br/,2026-02-04T12:40:53.581301+00:00,Ferramentas,Furadeiras,,no,no,Ferramentas
Comercio De Madeiras Pau Brasil - Ubatuba,https://paubrasilmadeiras.com.br/,2026-02-04T12:40:53.581301+00:00,Ferramentas,Parafusadeira,,no,no,Ferramentas
Comercio De Madeiras Pau Brasil - Ubatuba,https://paubrasilmadeiras.com.br/,2026-02-04T12:40:53.581301+00:00,Ferramentas,Martelos,,no,no,Ferramentas
Construshow Litoral Materiais De Construcao Ltda - Santos,https://www.construshow.com.br,2026-02-04T12:38:11.814271+00:00,PAREDES,PAREDES,,no,no,PAREDES section
Construshow Litoral Materiais De Construcao Ltda - Santos,https://www.construshow.com.br,2026-02-04T12:38:11.814271+00:00,FORROS,FORROS,,no,no,FORROS section
Corticeira Paulista Ltda - Jundiai,https://www.corticeirapaulista.com.br/,2026-02-04T13:15:18.781752+00:00,,Rolhas,Cortiça,no,no,Rolhas
Corticeira Paulista Ltda - Jundiai,https://www.corticeirapaulista.com.br/,2026-02-04T13:15:18.781752+00:00,,Rolos de Cortiça Para o Setor Calçadista,Cortiça,no,no,Rolos de Cortiça Para o Setor Calçadista
Corticeira Paulista Ltda - Jundiai,https://www.corticeirapaulista.com.br/,2026-02-04T13:15:18.781752+00:00,Construção Civil,Construção Civil,Cortiça,no,no,Construção Civil
Corticeira Paulista Ltda - Jundiai,https://www.corticeirapaulista.com.br/,2026-02-04T13:15:18.781752+00:00,,Juntas automotivas,Cortiça,no,no,Juntas automotivas
Corticeira Paulista Ltda - Jundiai,https://www.corticeirapaulista.com.br/,2026-02-04T13:15:18.781752+00:00,,Folhas,Cortiça,no,no,Folhas
Demobile - Industria De Moveis Ltda. - Cajamar,https://demobile.com.br/,2026-02-04T12:36:44.346826+00:00,,Guarda-Roupa Casal Roma,,no,no,Guarda-Roupa Casal Roma
Demobile - Industria De Moveis Ltda. - Cajamar,https://demobile.com.br/,2026-02-04T12:36:44.346826+00:00,,Guarda-Roupa Vizanno,,no,no,Guarda-Roupa Vizanno
Demobile - Industria De Moveis Ltda. - Cajamar,https://demobile.com.br/,2026-02-04T12:36:44.346826+00:00,,Guarda-Roupa Casal Domo,,no,no,Guarda-Roupa Casal Domo
Demobile - Industria De Moveis Ltda. - Cajamar,https://demobile.com.br/,2026-02-04T12:36:44.346826+00:00,,Guarda-Roupa Casal Flash II,,no,no,Guarda-Roupa Casal Flash II
Demobile - Industria De Moveis Ltda. - Cajamar,https://demobile.com.br/,2026-02-04T12:36:44.346826+00:00,,Guarda-Roupa Wind,,no,no,Guarda-Roupa Wind
Demobile - Industria De Moveis Ltda. - Cajamar,https://demobile.com.br/,2026-02-04T12:36:44.346826+00:00,,Guarda-Roupa Prince,,no,no,Guarda-Roupa Prince
Demobile - Industria De Moveis Ltda. - Cajamar,https://demobile.com.br/,2026-02-04T12:36:44.346826+00:00,,Guarda-Roupa Casal New Murano,,no,no,Guarda-Roupa Casal New Murano
Demobile - Industria De Moveis Ltda. - Cajamar,https://demobile.com.br/,2026-02-04T12:36:44.346826+00:00,,Guarda-Roupa Casal Munique,,no,no,Guarda-Roupa Casal Munique
Demobile - Industria De Moveis Ltda. - Cajamar,https://demobile.com.br/,2026-02-04T12:36:44.346826+00:00,,Guarda-Roupa Casal Ecom II,,no,no,Guarda-Roupa Casal Ecom II
Demobile - Industria De Moveis Ltda. - Cajamar,https://demobile.com.br/,2026-02-04T12:36:44.346826+00:00,,Guarda-Roupa Lótus,,no,no,Guarda-Roupa Lótus
Ettore Comercio E Instalacoes Ltda - Sao Paulo,https://www.ettorehd.com.br,2026-02-04T12:53:32.293396+00:00,Painéis arquitetônicos,CREATIVE WALL,Materials that allow for easy installation over Isopainéis,no,no,CREATIVE WALL
Ettore Comercio E Instalacoes Ltda - Sao Paulo,https://www.ettorehd.com.br,2026-02-04T12:53:32.293396+00:00,Painéis arquitetônicos,CONCEPT WALL,Highly resistant and durable materials,no,no,CONCEPT WALL
Ettore Comercio E Instalacoes Ltda - Sao Paulo,https://www.ettorehd.com.br,2026-02-04T12:53:32.293396+00:00,INFINITY WALL,Lystra,Profile with a slatted finish,no,no,INFINITY WALL - Lystra
Ettore Comercio E Instalacoes Ltda - Sao Paulo,https://www.ettorehd.com.br,2026-02-04T12:53:32.293396+00:00,Painéis arquitetônicos,AirBrise,Made by Kingspan Isoeste,no,no,AirBrise
Ettore Comercio E Instalacoes Ltda - Sao Paulo,https://www.ettorehd.com.br,2026-02-04T12:53:32.293396+00:00,Painéis arquitetônicos,PAINÉIS BENCHMARK,Core made of PIR,no,no,PAINÉIS BENCHMARK
Flexforma Estofados Ltda - Piracicaba,www.flexform.com.br,2026-02-04T12:57:14.032567+00:00,,Cadeira Dot All Black,,no,no,search results
Flexforma Estofados Ltda - Piracicaba,www.flexform.com.br,2026-02-04T12:57:14.032567+00:00,,Cadeira Uni Pro White N Champagne,,no,no,search results
Flexforma Estofados Ltda - Piracicaba,www.flexform.com.br,2026-02-04T12:57:14.032567+00:00,,Cadeira My Chair Tela Platinum Grey,,no,no,search results
Flexforma Estofados Ltda - Piracicaba,www.flexform.com.br,2026-02-04T12:57:14.032567+00:00,,Cadeira Gamer Flexform Alpha 2 Pro Red,,no,no,search results
Flexforma Estofados Ltda - Piracicaba,www.flexform.com.br,2026-02-04T12:57:14.032567+00:00,,Cadeira Uni White n Grey,,no,no,search results
Forro Facil - Barretos,https://forrofacil.com.br/,2026-02-04T12:36:59.783270+00:00,Pisos,Pisos,,no,no,https://forrofacil.com.br/produtos/
Forro Facil - Barretos,https://forrofacil.com.br/,2026-02-04T12:36:59.783270+00:00,Divisórias,Divisórias,,no,no,https://forrofacil.com.br/produtos/
Forro Facil - Barretos,https://forrofacil.com.br/,2026-02-04T12:36:59.783270+00:00,Forros,Forros,,no,no,https://forrofacil.com.br/produtos/
Forro Facil - Barretos,https://forrofacil.com.br/,2026-02-04T12:36:59.783270+00:00,Portas,Portas,,no,no,https://forrofacil.com.br/produtos/
Forro Facil - Barretos,https://forrofacil.com.br/,2026-02-04T12:36:59.783270+00:00,Papel de Parede,Papel de Parede,,no,no,https://forrofacil.com.br/produtos/
Forro Facil - Barretos,https://forrofacil.com.br/,2026-02-04T12:36:59.783270+00:00,Persianas,Persianas,,no,no,https://forrofacil.com.br/produtos/
